day,population,births,deaths,avg_sentiment,avg_hunger,avg_health,total_food,food_per_capita,gini,avg_wellbeing,marriages,trades,trade_items,work_parties
1,150,0,0,50.49,0.647,99.2,6228.0,41.52,0.140,0.669,0,264,3534.6,0
2,150,0,0,50.52,0.650,98.5,6148.1,40.99,0.160,0.626,0,276,3258.6,0
3,150,0,0,50.55,0.650,97.9,6061.5,40.41,0.176,0.595,0,268,2923.1,0
4,150,0,0,50.58,0.650,97.9,5977.8,39.85,0.186,0.580,0,209,2467.2,0
5,150,0,0,50.61,0.650,97.6,5874.1,39.16,0.198,0.569,0,270,2999.7,0
6,150,0,0,50.63,0.650,97.7,5795.3,38.64,0.192,0.554,0,221,2600.3,0
7,150,0,0,50.66,0.650,97.8,5716.6,38.11,0.200,0.545,0,227,2635.6,0
8,150,0,0,50.68,0.650,98.0,5637.8,37.59,0.209,0.542,0,238,2677.5,0
9,150,0,0,50.70,0.650,98.0,5559.1,37.06,0.212,0.535,0,239,2714.4,0
10,150,0,0,50.71,0.650,97.7,5480.3,36.54,0.211,0.511,0,241,2688.2,0
11,150,0,0,50.72,0.650,97.9,5398.6,35.99,0.199,0.501,0,226,2522.0,0
12,150,0,0,50.73,0.650,97.9,5319.8,35.47,0.215,0.488,0,192,1949.9,0
13,150,0,0,50.73,0.650,98.0,5241.1,34.94,0.215,0.479,0,242,2751.9,0
14,150,0,0,50.72,0.650,97.8,5162.3,34.42,0.228,0.465,0,227,2441.3,0
15,150,0,0,50.72,0.650,97.9,5083.6,33.89,0.235,0.448,0,227,2501.9,0
16,150,0,0,50.71,0.650,98.1,5004.8,33.37,0.211,0.437,0,205,2421.3,0
17,150,0,0,50.70,0.650,98.2,4926.1,32.84,0.236,0.434,0,212,2091.8,0
18,150,0,0,50.69,0.650,98.1,4819.8,32.13,0.231,0.421,0,248,2636.9,0
19,150,0,0,50.67,0.650,97.8,4700.2,31.33,0.223,0.403,1,234,2280.4,0
20,150,0,0,50.65,0.650,98.0,4621.5,30.81,0.232,0.399,0,223,2323.7,0
21,150,0,0,50.63,0.650,98.1,4542.7,30.28,0.233,0.395,0,192,2029.1,0
22,150,0,0,50.61,0.650,97.8,4464.0,29.76,0.234,0.383,0,233,2460.0,0
23,150,0,0,50.59,0.650,97.5,4385.2,29.23,0.223,0.368,0,237,2496.2,0
24,150,0,0,50.57,0.650,97.6,4301.7,28.68,0.234,0.370,0,220,2225.8,0
25,150,0,0,50.56,0.650,97.4,4215.4,28.10,0.237,0.363,0,228,2234.2,0
26,150,0,0,50.54,0.650,97.1,4136.6,27.58,0.220,0.360,0,207,2443.3,0
27,150,0,0,50.52,0.650,97.1,4057.9,27.05,0.214,0.359,0,228,2549.9,0
28,150,0,0,50.50,0.650,96.9,3979.1,26.53,0.221,0.353,0,210,2277.2,0
29,150,0,0,50.48,0.650,97.0,3900.4,26.00,0.227,0.351,0,234,2452.4,0
30,150,0,0,50.46,0.650,96.9,3813.0,25.42,0.253,0.352,1,208,2159.8,0
31,150,0,0,50.44,0.650,96.9,3734.3,24.90,0.254,0.348,0,240,2515.3,0
32,150,0,0,50.42,0.650,96.7,3633.9,24.23,0.241,0.347,1,212,2135.0,0
33,150,0,0,50.40,0.650,96.7,3555.1,23.70,0.251,0.347,0,187,1852.0,0
34,150,0,0,50.38,0.650,96.4,3406.1,22.71,0.258,0.347,1,207,2149.7,0
35,150,0,0,50.36,0.650,96.3,3327.3,22.18,0.269,0.346,0,233,2330.2,0
36,150,0,0,50.34,0.650,96.2,3248.6,21.66,0.268,0.348,0,240,2436.2,0
37,150,0,0,50.32,0.650,95.4,3129.1,20.86,0.274,0.345,1,218,1888.1,0
38,150,0,0,50.30,0.650,95.3,3002.3,20.02,0.278,0.348,1,228,2027.9,0
39,150,0,0,50.29,0.650,95.1,2923.6,19.49,0.272,0.348,0,248,2396.7,0
40,150,0,0,50.27,0.650,95.1,2819.5,18.80,0.271,0.348,1,242,2254.9,0
41,150,0,0,50.26,0.650,94.0,2740.8,18.27,0.277,0.347,0,232,2174.7,0
42,150,0,0,50.25,0.650,93.9,2628.7,17.52,0.282,0.349,2,234,2394.1,0
43,150,0,0,50.24,0.650,93.8,2549.9,17.00,0.293,0.346,0,166,1310.0,0
44,150,0,0,50.23,0.650,93.6,2471.2,16.47,0.290,0.349,0,172,1524.7,0
45,150,0,0,50.22,0.650,93.6,2392.4,15.95,0.287,0.350,0,202,1851.1,0
46,150,0,0,50.21,0.650,93.2,2313.7,15.42,0.274,0.350,0,224,2084.7,0
47,150,0,0,50.20,0.650,92.9,2234.9,14.90,0.280,0.350,0,189,1803.0,0
48,150,0,0,50.19,0.650,92.9,2093.2,13.95,0.288,0.351,1,185,1632.3,0
49,150,0,0,50.19,0.650,92.7,2014.5,13.43,0.276,0.351,0,213,1624.7,0
50,150,0,0,50.18,0.650,92.8,1935.7,12.90,0.259,0.354,0,235,1891.8,0
51,150,0,0,50.18,0.650,92.4,1857.0,12.38,0.274,0.352,0,210,1414.4,0
52,150,0,0,50.17,0.650,92.3,1778.2,11.85,0.286,0.353,0,229,1639.7,0
53,150,0,0,50.17,0.650,92.0,1695.7,11.30,0.289,0.353,0,190,1231.5,0
54,150,0,0,50.17,0.650,92.0,1616.9,10.78,0.278,0.356,0,178,1306.7,0
55,150,0,0,50.17,0.650,91.5,1538.2,10.25,0.288,0.354,0,178,1073.4,0
56,150,0,0,50.16,0.650,91.3,1451.8,9.68,0.294,0.356,1,149,655.9,0
57,150,0,0,50.16,0.650,91.1,1363.5,9.09,0.296,0.356,1,148,644.9,0
58,150,0,0,50.16,0.649,91.2,1285.0,8.57,0.287,0.359,0,146,968.4,0
59,150,0,0,50.16,0.642,91.0,1207.8,8.05,0.288,0.356,0,135,539.1,0
60,150,0,0,50.16,0.622,90.9,1133.9,7.56,0.280,0.356,0,122,747.7,0
61,150,0,0,50.16,0.633,90.5,1049.5,7.00,0.273,0.357,1,136,621.2,0
62,150,0,0,50.17,0.641,90.3,980.1,6.53,0.269,0.359,0,122,687.8,0
63,150,0,0,50.17,0.646,90.1,903.8,6.03,0.278,0.358,0,85,293.3,0
64,150,0,0,50.17,0.634,90.4,827.8,5.52,0.284,0.362,0,86,265.1,0
65,150,0,0,50.17,0.639,90.2,751.6,5.01,0.297,0.358,2,69,160.8,0
66,150,0,0,50.17,0.643,90.0,685.7,4.57,0.296,0.362,0,56,167.5,0
67,150,0,0,50.17,0.641,89.7,614.0,4.09,0.293,0.362,0,44,281.5,0
68,150,0,0,50.17,0.605,89.8,543.4,3.62,0.298,0.360,0,52,200.6,0
69,150,0,0,50.17,0.568,89.4,478.1,3.19,0.306,0.353,0,44,115.6,0
70,150,0,0,50.17,0.605,89.6,437.7,2.92,0.306,0.361,0,68,244.6,0
71,150,0,0,50.16,0.579,89.3,383.8,2.56,0.310,0.357,0,61,177.4,0
72,150,0,0,50.15,0.541,89.3,341.8,2.28,0.310,0.352,1,65,158.1,0
73,150,0,0,50.14,0.484,89.1,292.9,1.95,0.309,0.347,0,47,91.1,0
74,150,0,0,50.13,0.531,88.9,364.8,2.43,0.308,0.352,0,70,297.5,0
75,150,0,0,50.14,0.534,88.9,323.8,2.16,0.303,0.352,0,52,109.0,0
76,150,0,0,50.13,0.542,88.9,317.0,2.11,0.287,0.355,1,58,113.6,0
77,150,0,0,50.11,0.522,88.6,285.1,1.90,0.287,0.352,0,44,120.0,0
78,150,0,0,50.10,0.521,88.5,257.4,1.72,0.289,0.353,0,34,113.4,0
79,150,0,0,50.09,0.523,88.4,259.2,1.73,0.288,0.355,0,40,117.6,0
80,150,0,0,50.08,0.518,88.2,225.6,1.50,0.285,0.354,0,49,100.3,0
81,150,0,0,50.08,0.470,87.9,185.8,1.24,0.281,0.347,0,52,72.1,0
82,150,0,0,50.06,0.451,88.0,181.8,1.21,0.283,0.347,0,49,93.3,0
83,150,0,0,50.05,0.458,87.7,205.0,1.37,0.280,0.347,0,69,166.0,0
84,150,0,0,50.03,0.468,87.4,214.8,1.43,0.278,0.350,0,45,107.0,0
85,150,0,0,50.02,0.462,87.2,231.3,1.54,0.275,0.350,0,52,119.0,0
86,150,0,0,50.02,0.498,87.1,230.2,1.53,0.266,0.357,0,61,134.5,0
87,150,0,0,50.02,0.512,87.1,209.1,1.39,0.269,0.360,1,39,102.4,0
88,150,0,0,50.02,0.498,86.8,184.3,1.23,0.265,0.356,0,58,136.8,0
89,150,0,0,50.02,0.451,86.6,176.8,1.18,0.264,0.350,0,46,112.5,0
90,150,0,0,50.02,0.395,86.3,161.9,1.08,0.263,0.344,0,39,80.2,0
91,150,0,0,50.01,0.430,86.1,218.6,1.46,0.261,0.350,0,63,157.9,0
92,150,0,0,50.01,0.513,85.9,305.1,2.03,0.263,0.364,0,97,380.7,0
93,150,0,0,50.00,0.501,85.7,268.5,1.79,0.254,0.363,0,68,126.6,0
94,150,0,0,49.99,0.479,85.6,214.0,1.43,0.248,0.360,0,59,110.1,0
95,150,0,0,49.98,0.456,85.7,175.7,1.17,0.245,0.358,0,69,132.2,0
96,150,0,0,49.96,0.440,85.1,182.9,1.22,0.243,0.355,0,40,85.3,0
97,150,0,0,49.96,0.501,85.0,222.0,1.48,0.245,0.365,0,47,112.5,0
98,150,0,0,49.96,0.499,85.1,217.3,1.45,0.246,0.365,0,37,122.8,0
99,150,0,0,49.95,0.508,84.9,215.7,1.44,0.244,0.366,0,54,195.6,0
100,150,0,0,49.94,0.474,84.7,182.5,1.22,0.241,0.362,0,41,96.2,0
101,150,0,0,49.94,0.452,84.3,186.0,1.24,0.245,0.360,0,32,75.5,0
102,150,0,0,49.93,0.460,84.2,229.2,1.53,0.242,0.362,0,61,196.2,0
103,150,0,0,49.91,0.506,84.4,322.6,2.15,0.237,0.369,0,65,330.7,0
104,150,0,0,49.89,0.541,84.6,377.4,2.52,0.247,0.376,0,88,351.8,0
105,150,0,0,49.87,0.554,84.8,369.1,2.46,0.248,0.377,0,73,303.9,0
106,150,0,0,49.86,0.530,84.5,313.9,2.09,0.249,0.374,0,50,209.3,0
107,150,0,0,49.85,0.508,84.6,296.9,1.98,0.252,0.373,0,63,295.5,0
108,150,0,0,49.83,0.493,84.5,316.7,2.11,0.263,0.368,0,91,518.6,0
109,150,0,0,49.81,0.501,84.5,394.7,2.63,0.268,0.373,0,100,610.2,0
110,150,0,0,49.79,0.540,84.5,469.3,3.13,0.266,0.378,0,97,702.6,0
111,150,0,0,49.77,0.545,84.4,464.0,3.09,0.262,0.377,0,120,661.8,0
112,150,0,0,49.73,0.550,84.5,468.6,3.12,0.261,0.380,0,137,793.1,0
113,150,0,0,49.71,0.505,84.1,382.7,2.55,0.256,0.374,0,101,600.8,0
114,150,0,0,49.68,0.483,83.6,410.6,2.74,0.257,0.371,0,94,549.1,0
115,150,0,0,49.65,0.504,83.6,534.4,3.56,0.267,0.375,0,120,883.2,0
116,150,0,0,49.62,0.534,83.4,575.5,3.84,0.274,0.380,1,115,998.6,0
117,150,0,0,49.60,0.551,83.1,695.4,4.64,0.283,0.383,0,137,1345.0,0
118,150,0,0,49.58,0.554,83.0,632.0,4.21,0.299,0.384,0,141,878.6,0
119,150,0,0,49.57,0.540,83.1,578.9,3.86,0.305,0.382,0,128,992.3,0
120,150,0,0,49.57,0.504,82.6,615.2,4.10,0.306,0.376,0,128,1051.8,0
121,150,0,0,49.57,0.463,82.6,630.1,4.20,0.311,0.371,0,164,1272.2,0
122,150,0,0,49.57,0.528,82.0,863.6,5.76,0.313,0.382,0,146,1458.6,0
123,150,0,0,49.56,0.566,81.9,659.6,4.40,0.280,0.387,0,149,1520.8,0
124,150,0,0,49.55,0.573,81.9,642.5,4.28,0.289,0.389,0,148,1358.2,0
125,150,0,0,49.53,0.555,81.9,674.8,4.50,0.299,0.387,0,152,1137.8,0
126,150,0,0,49.50,0.511,81.8,651.4,4.34,0.311,0.381,0,135,1306.2,0
127,150,0,0,49.49,0.522,81.7,795.1,5.30,0.325,0.382,0,148,1386.0,0
128,150,0,0,49.47,0.557,81.0,930.4,6.20,0.340,0.388,0,158,2062.1,0
129,150,0,0,49.45,0.588,80.8,1032.3,6.88,0.324,0.392,0,156,2273.6,0
130,150,0,0,49.42,0.554,80.8,1019.0,6.79,0.315,0.391,0,178,1714.6,0
131,150,0,0,49.40,0.576,80.2,958.9,6.39,0.331,0.389,0,186,2539.4,0
132,150,0,0,49.39,0.529,80.0,1036.3,6.91,0.358,0.383,0,168,2272.5,0
133,150,0,0,49.38,0.505,79.8,774.8,5.17,0.315,0.379,0,161,2000.4,0
134,150,0,0,49.37,0.549,79.9,934.5,6.23,0.323,0.387,0,153,2182.6,0
135,150,0,0,49.36,0.569,79.7,1067.8,7.12,0.328,0.387,0,168,2427.2,0
136,150,0,0,49.35,0.557,79.3,1094.7,7.30,0.359,0.387,0,171,2437.9,0
137,150,0,0,49.34,0.534,79.2,931.5,6.21,0.336,0.384,0,192,2828.1,0
138,150,0,0,49.33,0.514,79.3,1018.1,6.79,0.366,0.379,0,180,2259.8,0
139,150,0,0,49.33,0.526,79.0,1001.5,6.68,0.342,0.383,0,181,2784.4,0
140,150,0,0,49.32,0.528,78.9,1084.5,7.23,0.342,0.382,0,180,2482.5,0
141,150,0,0,49.32,0.567,78.9,1121.3,7.48,0.357,0.391,0,175,2234.1,0
142,150,0,0,49.33,0.567,78.6,1108.6,7.39,0.363,0.388,0,168,2747.9,0
143,150,0,0,49.33,0.541,78.4,865.5,5.77,0.359,0.384,0,183,2634.9,0
144,150,0,0,49.33,0.530,78.2,1036.9,6.91,0.345,0.383,0,201,3296.9,0
145,150,0,0,49.32,0.560,78.4,1186.7,7.91,0.354,0.389,0,180,2893.6,0
146,150,0,0,49.32,0.567,78.4,1301.4,8.68,0.349,0.389,0,177,2996.8,0
147,150,0,0,49.32,0.569,78.6,1308.2,8.72,0.335,0.391,0,161,3077.4,0
148,150,0,0,49.32,0.582,78.8,1367.0,9.11,0.356,0.394,0,184,2644.1,0
149,150,0,0,49.32,0.564,79.1,1321.0,8.81,0.352,0.389,0,206,3598.3,0
150,150,0,0,49.33,0.568,78.8,1469.4,9.80,0.378,0.391,0,183,2730.3,0
151,150,0,0,49.34,0.600,78.8,1572.5,10.48,0.382,0.394,0,178,3507.9,0
152,150,0,0,49.35,0.590,78.8,1400.1,9.33,0.356,0.391,0,210,3937.8,0
153,150,0,0,49.35,0.585,79.0,1098.4,7.32,0.352,0.392,0,194,3652.3,0
154,150,0,0,49.37,0.557,79.3,1026.2,6.84,0.352,0.392,0,197,3583.5,0
155,150,0,0,49.37,0.547,79.2,1212.4,8.08,0.352,0.385,0,194,3646.6,0
156,150,0,0,49.37,0.538,79.1,1237.9,8.25,0.348,0.385,0,216,4589.6,0
157,150,0,0,49.38,0.570,79.0,1343.9,8.96,0.362,0.391,0,199,3654.1,0
158,150,0,0,49.38,0.564,78.9,1319.0,8.79,0.364,0.387,0,201,3544.1,0
159,150,0,0,49.38,0.558,78.9,1253.6,8.36,0.348,0.386,0,188,3688.2,0
160,150,0,0,49.37,0.571,78.8,1268.6,8.46,0.376,0.389,0,230,3897.8,0
161,150,0,0,49.35,0.568,79.0,1133.0,7.55,0.358,0.391,0,184,3172.4,0
162,150,0,0,49.34,0.574,79.1,1125.4,7.50,0.361,0.387,0,192,3944.3,0
163,150,0,0,49.33,0.603,79.3,1022.1,6.81,0.359,0.393,0,168,3250.0,0
164,150,0,0,49.32,0.581,79.6,890.3,5.94,0.362,0.393,0,156,2886.2,0
165,150,0,0,49.31,0.546,79.5,994.6,6.63,0.389,0.386,0,196,3648.8,0
166,150,0,0,49.30,0.549,79.2,990.9,6.61,0.390,0.387,0,203,3608.7,0
167,150,0,0,49.29,0.544,79.5,1019.8,6.80,0.377,0.386,0,221,3892.4,0
168,150,0,0,49.28,0.555,79.5,1002.0,6.68,0.371,0.389,0,175,3657.9,0
169,150,0,0,49.28,0.563,79.7,967.2,6.45,0.350,0.392,0,174,3239.5,0
170,150,0,0,49.28,0.580,79.7,1077.5,7.18,0.351,0.395,0,185,3285.2,0
171,150,0,0,49.29,0.580,79.9,1112.2,7.41,0.356,0.395,0,212,4128.4,0
172,150,0,0,49.29,0.567,80.2,1177.8,7.85,0.359,0.395,0,183,3328.9,0
173,150,0,0,49.29,0.566,80.4,1229.1,8.19,0.358,0.396,0,168,3730.2,0
174,150,0,0,49.30,0.587,80.7,1344.4,8.96,0.354,0.399,0,179,3783.8,0
175,150,0,0,49.31,0.606,80.7,1433.1,9.55,0.346,0.405,0,217,4793.1,0
176,150,0,0,49.33,0.592,80.6,1495.8,9.97,0.370,0.402,0,184,3503.5,0
177,150,0,0,49.33,0.589,80.9,1392.3,9.28,0.377,0.405,0,191,4455.2,0
178,150,0,0,49.33,0.548,80.6,1467.8,9.79,0.364,0.397,0,201,4739.4,0
179,150,0,0,49.33,0.548,81.0,1588.8,10.59,0.359,0.400,0,199,4630.3,0
180,150,0,0,49.33,0.570,81.0,1569.3,10.46,0.341,0.403,0,220,5014.3,0
181,150,0,0,49.32,0.571,81.2,1693.7,11.29,0.329,0.404,0,207,4977.4,0
182,150,0,0,49.32,0.626,81.1,1988.3,13.26,0.325,0.413,0,203,4178.9,0
183,150,0,0,49.32,0.632,81.3,1941.5,12.94,0.321,0.415,0,217,5207.4,0
184,150,0,0,49.32,0.614,81.5,1812.9,12.09,0.332,0.416,0,202,4872.3,0
185,150,0,0,49.33,0.603,81.5,2001.8,13.35,0.338,0.414,0,235,6055.8,0
186,150,0,0,49.34,0.595,81.7,1980.7,13.20,0.358,0.416,0,201,4926.4,0
187,150,0,0,49.36,0.606,81.6,2289.7,15.26,0.340,0.418,0,211,5732.7,0
188,150,0,0,49.36,0.613,82.0,2388.2,15.92,0.338,0.421,0,227,6323.3,0
189,150,0,0,49.36,0.620,82.2,2091.0,13.94,0.335,0.425,0,220,6379.0,0
190,150,0,0,49.37,0.637,82.2,2189.1,14.59,0.350,0.426,0,191,4366.2,0
191,150,0,0,49.37,0.626,82.3,2193.1,14.62,0.349,0.424,0,215,6054.9,0
192,150,0,0,49.40,0.596,82.4,2343.0,15.62,0.372,0.420,0,202,5760.1,0
193,150,0,0,49.43,0.617,82.9,2595.9,17.31,0.332,0.424,0,199,5890.1,0
194,150,0,0,49.44,0.629,82.8,2906.5,19.38,0.337,0.426,0,192,5695.3,0
195,150,0,0,49.45,0.630,82.8,3049.5,20.33,0.330,0.426,0,229,6770.7,0
196,150,0,0,49.46,0.641,83.2,2788.1,18.59,0.321,0.431,0,177,5471.5,0
197,150,0,0,49.47,0.630,83.4,2763.2,18.42,0.339,0.429,0,205,5972.6,0
198,150,0,0,49.49,0.632,83.5,2848.4,18.99,0.331,0.429,0,224,7038.1,0
199,150,0,0,49.50,0.638,83.4,2717.7,18.12,0.358,0.432,0,247,7426.5,0
200,150,0,0,49.52,0.618,83.5,3087.4,20.58,0.345,0.428,0,215,6713.3,0
201,150,0,0,49.54,0.611,83.8,3257.6,21.72,0.352,0.427,0,222,7111.8,0
202,150,0,0,49.55,0.630,83.6,3404.4,22.70,0.361,0.430,0,204,7233.9,0
203,150,0,0,49.55,0.623,83.6,3376.6,22.51,0.335,0.429,0,209,7546.5,0
204,150,0,0,49.56,0.621,83.8,3584.9,23.90,0.325,0.429,0,230,9076.9,0
205,150,0,0,49.56,0.637,83.8,3840.8,25.61,0.347,0.432,0,226,8477.9,0
206,150,0,0,49.55,0.643,84.0,3949.7,26.33,0.302,0.433,0,210,8097.3,0
207,150,0,0,49.55,0.641,84.2,3713.9,24.76,0.338,0.435,0,235,8015.0,0
208,150,0,0,49.54,0.636,83.9,3712.3,24.75,0.346,0.432,0,191,7061.5,0
209,150,0,0,49.53,0.625,83.8,3552.0,23.68,0.350,0.431,0,212,7701.6,0
210,150,0,0,49.52,0.641,84.0,3390.5,22.60,0.315,0.435,0,199,7855.0,0
211,150,0,0,49.51,0.639,83.5,3575.4,23.84,0.331,0.433,0,220,7948.0,0
212,150,0,0,49.52,0.618,83.7,3708.5,24.72,0.339,0.430,0,203,7161.0,0
213,150,0,0,49.52,0.628,83.5,3679.2,24.53,0.336,0.432,0,211,7638.5,0
214,150,0,0,49.53,0.628,83.8,3437.1,22.91,0.326,0.432,0,220,9000.9,0
215,150,0,0,49.54,0.626,84.0,3638.8,24.26,0.336,0.431,0,208,8190.3,0
216,150,0,0,49.55,0.639,84.3,3786.9,25.25,0.309,0.434,0,216,9242.0,0
217,150,0,0,49.56,0.639,84.4,3831.0,25.54,0.327,0.433,0,220,9523.8,0
218,150,0,0,49.57,0.639,84.7,3901.2,26.01,0.328,0.435,0,233,8496.9,0
219,150,0,0,49.59,0.637,84.5,3757.6,25.05,0.322,0.433,0,224,8640.8,0
220,150,0,0,49.61,0.636,84.7,4144.5,27.63,0.331,0.435,0,217,8486.4,0
221,150,0,0,49.62,0.643,84.5,4334.8,28.90,0.307,0.435,0,194,8079.3,0
222,150,0,0,49.61,0.639,84.5,4380.4,29.20,0.345,0.435,0,194,7891.9,0
223,150,0,0,49.61,0.639,84.6,4392.5,29.28,0.298,0.435,0,225,9031.4,0
224,150,0,0,49.57,0.625,85.1,4036.3,26.91,0.297,0.433,0,255,11271.0,0
225,150,0,0,49.54,0.619,85.0,4312.6,28.75,0.324,0.431,0,210,9136.4,0
226,150,0,0,49.54,0.630,85.5,4317.0,28.78,0.301,0.433,0,206,8998.1,0
227,150,0,0,49.53,0.633,85.7,4420.0,29.47,0.294,0.435,0,190,7565.7,0
228,150,0,0,49.52,0.637,85.6,4391.5,29.28,0.307,0.433,0,240,10071.5,0
229,150,0,0,49.50,0.637,85.8,4191.6,27.94,0.314,0.434,0,216,8753.5,0
230,150,0,0,49.47,0.628,86.1,4370.3,29.14,0.310,0.432,0,249,9857.3,0
231,150,0,0,49.46,0.634,86.3,4448.1,29.65,0.315,0.434,0,215,9102.1,0
232,150,0,0,49.44,0.630,86.4,4317.9,28.79,0.311,0.432,0,202,9478.3,0
233,150,0,0,49.43,0.628,86.6,4418.4,29.46,0.298,0.432,0,204,8828.2,0
234,150,0,0,49.41,0.639,86.5,4388.1,29.25,0.315,0.434,0,215,8589.7,0
235,150,0,0,49.39,0.632,86.8,4434.4,29.56,0.343,0.433,0,225,9543.5,0
236,150,0,0,49.38,0.634,86.8,4535.2,30.23,0.295,0.433,0,218,10215.7,0
237,150,0,0,49.36,0.637,86.8,4993.6,33.29,0.305,0.433,0,213,9539.2,0
238,150,0,0,49.36,0.635,86.5,4934.0,32.89,0.315,0.432,0,228,10959.8,0
239,150,0,0,49.35,0.637,86.1,4622.0,30.81,0.315,0.433,0,217,9844.0,0
240,150,0,0,49.34,0.639,85.9,4421.2,29.47,0.321,0.432,0,198,8693.1,0
241,150,0,0,49.33,0.639,85.8,4806.7,32.04,0.305,0.433,0,233,10483.5,0
242,150,0,0,49.32,0.639,85.9,4871.7,32.48,0.320,0.433,0,204,8419.9,0
243,150,0,0,49.32,0.648,86.2,4728.4,31.52,0.313,0.434,0,253,12320.7,0
244,150,0,0,49.32,0.641,86.3,4688.8,31.26,0.320,0.433,0,219,10457.5,0
245,150,0,0,49.33,0.634,86.5,4565.8,30.44,0.289,0.432,0,190,9169.7,0
246,150,0,0,49.31,0.617,86.6,4415.7,29.44,0.325,0.429,0,211,9518.7,0
247,150,0,0,49.30,0.628,86.6,4893.4,32.62,0.298,0.431,0,195,9359.1,0
248,150,0,0,49.31,0.632,86.7,4761.7,31.74,0.300,0.431,0,244,12205.2,0
249,150,0,0,49.31,0.635,86.9,4423.2,29.49,0.300,0.431,0,195,9332.3,0
250,150,0,0,49.32,0.634,87.3,4505.6,30.04,0.309,0.432,0,212,10037.9,0
251,150,0,0,49.32,0.639,87.4,4956.8,33.05,0.303,0.431,0,225,10394.9,0
252,150,0,0,49.32,0.635,87.1,5165.8,34.44,0.325,0.431,0,202,9147.5,0
253,150,0,0,49.32,0.632,86.8,5129.3,34.20,0.289,0.430,0,222,11360.1,0
254,150,0,0,49.31,0.635,87.1,5193.5,34.62,0.298,0.431,0,215,10634.9,0
255,150,0,0,49.28,0.639,87.2,5124.7,34.16,0.317,0.434,0,215,10589.2,0
256,150,0,0,49.26,0.639,87.2,4690.6,31.27,0.295,0.431,0,221,11312.7,0
257,150,0,0,49.25,0.639,87.0,5112.0,34.08,0.288,0.432,0,207,9766.5,0
258,150,0,0,49.26,0.634,87.0,5216.1,34.77,0.299,0.430,0,234,11620.4,0
259,150,0,0,49.26,0.630,86.7,4948.3,32.99,0.282,0.430,0,221,11495.8,0
260,150,0,0,49.27,0.639,86.7,4878.6,32.52,0.277,0.430,0,216,11210.0,0
261,150,0,0,49.28,0.639,86.7,5241.5,34.94,0.295,0.430,0,222,10589.5,0
262,150,0,0,49.27,0.643,86.7,5315.3,35.44,0.291,0.430,0,213,10166.0,0
263,150,0,0,49.27,0.643,86.9,5331.4,35.54,0.293,0.431,0,234,11596.8,0
264,150,0,0,49.24,0.637,87.0,5560.9,37.07,0.317,0.429,0,220,10707.1,0
265,150,0,0,49.24,0.628,87.3,5024.4,33.50,0.307,0.428,0,194,9305.8,0
266,150,0,0,49.23,0.633,87.4,4639.5,30.93,0.303,0.428,0,194,8925.2,0
267,150,0,0,49.24,0.634,87.4,4751.5,31.68,0.302,0.430,0,215,10367.7,0
268,150,0,0,49.25,0.635,87.4,4607.2,30.71,0.314,0.428,0,220,10135.4,0
269,150,0,0,49.26,0.643,87.6,4295.6,28.64,0.311,0.431,0,241,10819.4,0
270,150,0,0,49.27,0.648,87.3,4544.6,30.30,0.305,0.412,0,217,9198.3,0
271,150,0,0,49.27,0.648,87.5,4202.4,28.02,0.286,0.420,0,193,8239.3,0
272,150,0,0,49.26,0.641,87.1,4415.2,29.43,0.310,0.424,0,244,11501.7,0
273,150,0,0,49.26,0.639,87.3,4546.3,30.31,0.313,0.429,1,226,11475.6,0
274,150,0,0,49.25,0.632,87.1,4952.6,33.02,0.276,0.428,0,185,9071.1,0
275,150,0,0,49.24,0.643,86.9,4554.7,30.36,0.285,0.432,0,239,10860.1,0
276,150,0,0,49.24,0.641,86.8,4174.4,27.83,0.296,0.429,0,241,10953.6,0
277,150,0,0,49.24,0.638,87.0,4683.3,31.22,0.292,0.430,0,238,10740.8,0
278,151,1,0,49.23,0.639,87.2,4675.7,30.96,0.284,0.432,0,234,11363.4,0
279,151,0,0,49.23,0.643,87.1,4607.4,30.51,0.286,0.432,0,246,11058.0,0
280,151,0,0,49.22,0.632,87.1,4888.3,32.37,0.286,0.428,0,203,9272.3,0
281,151,0,0,49.21,0.628,87.5,4951.9,32.79,0.292,0.428,0,240,11691.5,0
282,152,1,0,49.07,0.644,87.7,5088.1,33.47,0.301,0.433,0,221,10198.5,0
283,152,0,0,49.05,0.637,88.0,5356.2,35.24,0.284,0.431,0,211,11178.1,0
284,152,0,0,49.03,0.628,88.0,5162.1,33.96,0.310,0.427,0,200,9121.9,0
285,152,0,0,49.02,0.626,88.1,4934.7,32.47,0.325,0.427,0,231,10441.6,0
286,152,0,0,49.01,0.641,88.2,4592.7,30.21,0.288,0.427,0,215,10388.9,0
287,152,0,0,48.98,0.637,88.6,4571.3,30.07,0.285,0.427,0,246,11319.5,0
288,152,0,0,48.96,0.639,88.7,4018.3,26.44,0.275,0.427,0,205,9658.6,0
289,152,0,0,48.95,0.632,88.9,4123.2,27.13,0.275,0.424,0,254,11650.0,0
290,152,0,0,48.93,0.633,89.0,4367.0,28.73,0.300,0.424,0,199,8870.3,0
291,152,0,0,48.94,0.641,89.2,4382.1,28.83,0.309,0.425,0,211,10058.6,0
292,152,0,0,48.92,0.632,88.8,4743.2,31.21,0.298,0.424,0,222,10309.6,0
293,152,0,0,48.91,0.637,88.7,4833.9,31.80,0.305,0.425,0,211,10367.1,0
294,152,0,0,48.88,0.639,89.2,4888.4,32.16,0.277,0.425,0,232,10875.1,0
295,152,0,0,48.88,0.643,89.3,4411.0,29.02,0.292,0.426,0,231,10188.8,0
296,152,0,0,48.88,0.635,89.0,4548.5,29.92,0.283,0.424,0,230,10982.1,0
297,152,0,0,48.87,0.637,88.9,4980.9,32.77,0.318,0.424,0,208,9038.5,0
298,152,0,0,48.87,0.628,88.7,5014.1,32.99,0.278,0.423,0,218,10962.7,0
299,152,0,0,48.87,0.637,88.4,4903.8,32.26,0.239,0.425,0,225,11810.3,0
300,152,0,0,48.88,0.637,88.0,5083.5,33.44,0.262,0.424,0,246,11502.5,0
301,151,0,1,48.86,0.636,88.6,5400.1,35.76,0.285,0.424,0,199,9175.5,0
302,151,0,0,48.86,0.639,89.1,5246.3,34.74,0.293,0.425,0,230,11502.9,0
303,151,0,0,48.85,0.645,89.1,5460.3,36.16,0.269,0.425,0,209,10892.0,0
304,151,0,0,48.82,0.641,89.1,5417.2,35.88,0.268,0.425,0,234,11669.5,0
305,151,0,0,48.82,0.639,89.2,5068.8,33.57,0.285,0.425,0,227,11425.0,0
306,151,0,0,48.80,0.643,89.3,4873.6,32.28,0.308,0.425,0,217,10466.3,0
307,151,0,0,48.77,0.643,89.2,5407.3,35.81,0.290,0.425,0,230,11427.6,0
308,151,0,0,48.74,0.635,89.7,5130.4,33.98,0.314,0.424,0,198,9493.1,0
309,151,0,0,48.73,0.632,89.7,4854.2,32.15,0.279,0.424,0,213,11195.5,0
310,151,0,0,48.69,0.634,90.0,4890.6,32.39,0.300,0.425,0,208,9163.1,0
311,151,0,0,48.68,0.637,90.2,5397.9,35.75,0.297,0.425,0,227,11059.0,0
312,151,0,0,48.66,0.637,90.1,5380.1,35.63,0.297,0.426,0,209,10842.6,0
313,151,0,0,48.64,0.635,90.2,5301.6,35.11,0.285,0.425,0,218,9895.0,0
314,151,0,0,48.63,0.646,90.6,5043.5,33.40,0.297,0.427,0,210,10974.1,0
315,151,0,0,48.64,0.641,90.8,4929.8,32.65,0.327,0.427,0,211,9901.4,0
316,151,0,0,48.64,0.646,91.0,4608.1,30.52,0.286,0.427,0,250,12234.3,0
317,151,0,0,48.63,0.645,91.2,4835.7,32.02,0.274,0.427,0,245,11657.7,0
318,151,0,0,48.62,0.650,91.4,4513.2,29.89,0.298,0.428,0,238,11317.1,0
319,152,1,0,48.65,0.650,91.6,4582.1,30.15,0.289,0.431,1,216,10563.2,0
320,152,0,0,48.65,0.645,91.5,4663.7,30.68,0.274,0.429,0,232,12056.5,0
321,153,1,0,48.66,0.641,91.7,5122.6,33.48,0.288,0.430,0,214,10074.0,0
322,153,0,0,48.67,0.641,91.9,5244.6,34.28,0.297,0.429,0,222,10925.0,0
323,153,0,0,48.67,0.641,92.2,5296.3,34.62,0.297,0.427,0,219,10648.7,0
324,153,0,0,48.68,0.639,92.3,5315.3,34.74,0.281,0.427,0,194,10086.9,0
325,153,0,0,48.69,0.639,92.3,4950.3,32.36,0.311,0.427,0,231,12298.0,0
326,153,0,0,48.69,0.643,92.2,5076.4,33.18,0.286,0.428,0,216,11205.7,0
327,153,0,0,48.69,0.643,92.3,4985.1,32.58,0.281,0.428,0,239,10858.3,0
328,153,0,0,48.70,0.637,92.2,4775.3,31.21,0.282,0.426,0,241,11968.5,0
329,153,0,0,48.71,0.639,92.3,4514.1,29.50,0.287,0.427,0,209,9983.3,0
330,153,0,0,48.69,0.648,92.2,4892.4,31.98,0.297,0.425,0,206,9543.5,0
331,153,0,0,48.69,0.641,92.4,4894.8,31.99,0.295,0.423,0,217,10923.0,0
332,154,1,0,48.61,0.648,92.2,5178.2,33.62,0.266,0.424,0,206,10606.6,0
333,154,0,0,48.59,0.636,92.7,5197.4,33.75,0.282,0.424,0,216,10203.6,0
334,154,0,0,48.58,0.645,92.7,5187.7,33.69,0.303,0.423,0,228,11112.5,0
335,154,0,0,48.56,0.644,93.2,4548.3,29.53,0.302,0.424,0,225,10518.3,0
336,154,0,0,48.55,0.634,93.3,4704.7,30.55,0.302,0.420,0,195,9646.4,0
337,155,1,0,48.58,0.645,93.7,4697.4,30.31,0.290,0.427,0,220,9872.3,0
338,155,0,0,48.58,0.646,94.1,4465.6,28.81,0.283,0.423,0,223,10833.3,0
339,155,0,0,48.57,0.650,94.0,3990.6,25.75,0.283,0.419,0,218,9229.9,0
340,155,0,0,48.56,0.636,94.4,4300.6,27.75,0.289,0.420,0,230,10645.2,0
341,155,0,0,48.54,0.641,94.5,4494.2,29.00,0.275,0.420,0,226,11387.1,0
342,155,0,0,48.54,0.641,94.5,4932.6,31.82,0.281,0.418,0,236,11044.8,0
343,155,0,0,48.52,0.644,94.5,5121.8,33.04,0.285,0.419,0,215,10478.3,0
344,155,0,0,48.50,0.641,94.9,4947.7,31.92,0.297,0.421,0,193,8744.2,0
345,155,0,0,48.50,0.644,95.0,4552.8,29.37,0.322,0.423,0,197,8703.2,0
346,155,0,0,48.50,0.639,95.2,4334.2,27.96,0.268,0.422,0,229,10852.9,0
347,155,0,0,48.50,0.639,95.0,4609.0,29.74,0.280,0.418,0,217,10226.6,0
348,155,0,0,48.51,0.635,94.9,4388.2,28.31,0.266,0.411,0,219,10659.0,0
349,156,1,0,48.44,0.637,95.2,3951.2,25.33,0.274,0.418,0,210,10599.6,0
350,156,0,0,48.44,0.637,95.4,3943.7,25.28,0.256,0.420,0,211,9599.4,0
351,156,0,0,48.45,0.644,95.7,3743.6,24.00,0.268,0.423,0,243,10509.3,0
352,156,0,0,48.44,0.640,95.5,4155.2,26.64,0.297,0.420,0,220,9719.3,0
353,156,0,0,48.44,0.644,94.9,4505.3,28.88,0.270,0.413,0,207,10331.5,0
354,156,0,0,48.45,0.644,95.2,4367.8,28.00,0.274,0.414,0,227,11333.4,0
355,156,0,0,48.45,0.648,95.4,4386.0,28.12,0.285,0.413,0,215,11067.6,0
356,156,0,0,48.46,0.634,95.1,4210.7,26.99,0.275,0.411,0,240,11774.9,0
357,156,0,0,48.47,0.648,95.5,4355.7,27.92,0.290,0.410,0,222,10503.5,0
358,156,0,0,48.47,0.648,95.5,4151.2,26.61,0.306,0.411,0,225,11388.1,0
359,156,0,0,48.47,0.634,95.9,3856.6,24.72,0.266,0.413,0,223,10161.0,0
360,157,1,0,48.59,0.635,95.8,4104.7,26.14,0.239,0.413,0,254,12834.8,0
